filename,latency_ms,phone_found,phone_conf,knife_found,knife_conf,cup_found,cup_conf
frame_cam0_1724616236000.png,41.1644,0,0,0,0,1,0.726606
frame_cam0_1724668346000.png,30.8078,1,0.257738,0,0,1,0.686106
frame_cam0_1724769416000.png,30.9111,0,0,0,0,1,0.797131
frame_cam0_1724872592000.png,31.1541,0,0,0,0,1,0.596521
frame_cam0_1724976397000.png,30.8987,0,0,0,0,1,0.642558
frame_cam0_1725077645000.png,31.3649,1,0.287686,0,0,1,0.686106
frame_cam0_1725131229000.png,30.9262,0,0,0,0,1,0.548719
frame_cam0_1725229754000.png,31.1392,0,0,1,0.686106,1,0.875985
frame_cam0_1725335421000.png,31.5624,0,0,1,0.726606,1,0.686106
frame_cam0_1725437619000.png,31.2253,0,0,1,0.686106,1,0.763681
frame_cam0_1725585818000.png,32.1457,0,0,1,0.686106,1,0.875985
frame_cam0_1725684867000.png,39.9193,0,0,1,0.642558,1,0.548719
frame_cam0_1725791216000.png,39.9555,0,0,1,0.726606,1,0.686106
frame_cam0_1725890499000.png,31.3875,0,0,1,0.686106,1,0.82692
frame_cam0_1725991838000.png,31.2044,0,0,1,0.726606,1,0.548719
frame_cam0_1726091653000.png,32.3723,0,0,1,0.726606,1,0.853141
frame_cam0_1726194867000.png,31.1399,0,0,1,0.642558,1,0.596521
frame_cam0_1726314119000.png,40.1939,0,0,1,0.686106,1,0.797131
frame_cam0_1726425152000.png,39.8615,0,0,1,0.726606,1,0.763681
frame_cam0_1726526023000.png,31.8655,0,0,1,0.686106,1,0.797131
frame_cam0_1726627783000.png,31.2676,0,0,1,0.726606,1,0.82692
frame_cam0_1726726790000.png,31.2461,0,0,1,0.686106,1,0.82692
frame_cam0_1726833886000.png,31.7178,0,0,1,0.686106,1,0.853141
frame_cam0_1726935982000.png,31.2808,1,0.35333,1,0.763681,1,0.797131
frame_cam0_1727038967000.png,34.2509,0,0,1,0.726606,1,0.642558
frame_cam0_1727140881000.png,31.9213,0,0,1,0.686106,1,0.763681
frame_cam0_1727240489000.png,31.2514,0,0,1,0.726606,1,0.726606
frame_cam0_1727345760000.png,31.8729,0,0,1,0.686106,1,0.853141
frame_cam0_1727447076000.png,31.2512,0,0,1,0.642558,1,0.82692
frame_cam0_1727547009000.png,31.4145,0,0,1,0.642558,1,0.642558
frame_cam0_1727647955000.png,40.7543,0,0,1,0.726606,1,0.875985
frame_cam0_1727764318000.png,40.7487,0,0,1,0.548719,1,0.853141
frame_cam0_1727864890000.png,31.3302,0,0,1,0.686106,1,0.875985
frame_cam0_1727969809000.png,31.2758,0,0,1,0.64667,1,0.853141
frame_cam0_1728071865000.png,31.5037,0,0,1,0.642558,1,0.875985
frame_cam0_1728173958000.png,31.4296,0,0,1,0.686106,1,0.89571
frame_cam0_1728271864000.png,31.5293,1,0.5,1,0.64667,1,0.89571
frame_cam0_1728375538000.png,31.2698,1,0.319615,1,0.596521,1,0.89571
frame_cam0_1728427562000.png,31.8436,1,0.61143,1,0.64667,1,0.91261
frame_cam0_1728527259000.png,31.4958,1,0.319615,1,0.712314,1,0.91261
frame_cam0_1728629920000.png,37.3407,0,0,1,0.64667,1,0.91261
frame_cam0_1728731785000.png,31.8958,1,0.388571,1,0.574984,1,0.91261
frame_cam0_1728833955000.png,41.263,1,0.287686,1,0.5,1,0.91261
frame_cam0_1728933280000.png,43.2327,1,0.388571,1,0.5,1,0.91261
frame_cam0_1729034954000.png,33.6383,1,0.388571,1,0.287686,1,0.89571
frame_cam0_1729134469000.png,33.3469,1,0.537705,1,0.319615,1,0.91261
frame_cam0_1729233392000.png,33.152,1,0.425016,0,0,1,0.91261
frame_cam0_1729334787000.png,33.2761,1,0.425016,1,0.388571,1,0.91261
frame_cam0_1729434352000.png,32.8762,1,0.64667,0,0,1,0.91261
frame_cam0_1729534821000.png,33.3218,0,0,0,0,1,0.89571
frame_cam0_1729634110000.png,33.6891,0,0,0,0,1,0.91261
frame_cam0_1729739525000.png,33.7406,0,0,0,0,1,0.91261
frame_cam0_1729842966000.png,33.6371,0,0,0,0,1,0.91261
frame_cam0_1729988920000.png,33.4577,0,0,0,0,1,0.91261
frame_cam0_1730088756000.png,32.8054,0,0,0,0,1,0.89571
frame_cam0_1730188811000.png,32.6616,1,0.5,0,0,1,0.91261
frame_cam0_1730290439000.png,32.8314,0,0,0,0,1,0.91261
frame_cam0_1730394941000.png,33.2058,0,0,0,0,1,0.89571
frame_cam0_1730500837000.png,33.6613,0,0,0,0,1,0.89571
frame_cam0_1730600915000.png,33.6596,0,0,0,0,1,0.875985
frame_cam0_1730700517000.png,34.3105,0,0,0,0,1,0.89571
frame_cam0_1730800445000.png,33.6222,0,0,0,0,1,0.91261
frame_cam0_1730901514000.png,33.5394,0,0,0,0,1,0.91261
frame_cam0_1731002155000.png,32.9687,0,0,0,0,1,0.89571
frame_cam0_1731100527000.png,32.9049,0,0,0,0,1,0.875985
frame_cam0_1731202415000.png,32.9075,0,0,0,0,1,0.875985
frame_cam0_1731302445000.png,33.5421,0,0,0,0,1,0.853141
frame_cam0_1731355510000.png,34.1549,0,0,0,0,1,0.89571
frame_cam0_1731455664000.png,34.5533,0,0,0,0,1,0.91261
frame_cam0_1731557452000.png,33.9109,0,0,0,0,1,0.91261
frame_cam0_1731657547000.png,31.3594,0,0,0,0,1,0.89571
frame_cam0_1731757140000.png,31.138,1,0.257738,0,0,1,0.89571
frame_cam0_1731856995000.png,31.739,0,0,0,0,1,0.91261
frame_cam0_1731958354000.png,31.3107,1,0.257738,0,0,1,0.89571
frame_cam0_1732057251000.png,31.3464,1,0.537705,0,0,1,0.89571
frame_cam0_1732156302000.png,31.6882,0,0,0,0,1,0.91261
frame_cam0_1732255695000.png,31.3015,1,0.537705,0,0,1,0.91261
frame_cam0_1732354903000.png,31.4786,0,0,0,0,1,0.89571
frame_cam0_1732454256000.png,31.425,0,0,0,0,1,0.91261
frame_cam0_1732553819000.png,31.2419,0,0,0,0,1,0.91261
frame_cam0_1732655050000.png,31.7697,0,0,0,0,1,0.91261
frame_cam0_1732756391000.png,31.3044,0,0,0,0,1,0.91261
frame_cam0_1732855419000.png,31.213,0,0,0,0,1,0.91261
frame_cam0_1732955352000.png,32.0994,0,0,0,0,1,0.91261
frame_cam0_1733053812000.png,31.2568,0,0,0,0,1,0.82692
frame_cam0_1733153138000.png,31.3721,0,0,0,0,1,0.853141
frame_cam0_1733252311000.png,31.4115,0,0,0,0,1,0.89571
frame_cam0_1733350525000.png,31.1979,0,0,0,0,1,0.89571
frame_cam0_1733450441000.png,31.6224,0,0,0,0,1,0.91261
frame_cam0_1733547595000.png,31.7629,0,0,0,0,1,0.91261
frame_cam0_1733646051000.png,31.3816,0,0,0,0,1,0.91261
frame_cam0_1733745760000.png,31.5701,0,0,0,0,1,0.91261
frame_cam0_1733845010000.png,31.5171,0,0,0,0,1,0.91261
frame_cam0_1733943372000.png,31.4561,0,0,0,0,1,0.91261
frame_cam0_1734042082000.png,31.7683,0,0,0,0,1,0.91261
frame_cam0_1734142758000.png,31.318,0,0,0,0,1,0.91261
frame_cam0_1734241036000.png,31.3894,0,0,0,0,1,0.91261
frame_cam0_1734341848000.png,31.3559,0,0,0,0,1,0.91261
frame_cam0_1734449611000.png,31.1645,1,0.257738,0,0,1,0.91261
frame_cam0_1734549064000.png,31.2757,1,0.425016,0,0,1,0.91261
frame_cam0_1734648522000.png,31.099,0,0,0,0,1,0.91261
frame_cam0_1734747725000.png,31.4254,0,0,0,0,1,0.91261
frame_cam0_1734848852000.png,31.4579,0,0,0,0,1,0.91261
frame_cam0_1734954811000.png,31.4126,1,0.257738,0,0,1,0.91261
frame_cam0_1735055605000.png,31.7563,0,0,0,0,1,0.91261
frame_cam0_1735200064000.png,31.5242,0,0,0,0,1,0.91261
frame_cam0_1735299303000.png,31.3205,0,0,0,0,1,0.875985
frame_cam0_1735402559000.png,31.1884,0,0,0,0,1,0.89571
frame_cam0_1735500620000.png,31.2892,0,0,0,0,1,0.91261
frame_cam0_1735599372000.png,31.2079,0,0,0,0,1,0.89571
frame_cam0_1735697404000.png,31.4702,0,0,0,0,1,0.89571
frame_cam0_1735798040000.png,31.3932,0,0,0,0,1,0.89571
frame_cam0_1735896531000.png,31.4022,0,0,0,0,1,0.89571
frame_cam0_1735997203000.png,31.5066,0,0,0,0,1,0.91261
frame_cam0_1736096366000.png,31.3437,0,0,0,0,1,0.91261
frame_cam0_1736196767000.png,31.169,0,0,0,0,1,0.91261
frame_cam0_1736296910000.png,31.3511,0,0,0,0,1,0.89571
frame_cam0_1736399174000.png,31.1609,0,0,0,0,1,0.91261
frame_cam0_1736501662000.png,31.1398,0,0,0,0,1,0.89571
frame_cam0_1736599791000.png,31.1018,0,0,0,0,1,0.91261
frame_cam0_1736699411000.png,31.3888,0,0,0,0,1,0.853141
frame_cam0_1736799770000.png,31.3969,0,0,0,0,1,0.91261
frame_cam0_1736899728000.png,31.2343,1,0.313894,0,0,1,0.89571
frame_cam0_1737004712000.png,31.4758,0,0,0,0,1,0.89571
frame_cam0_1737106442000.png,31.1555,0,0,0,0,1,0.91261
frame_cam0_1737205513000.png,31.2413,0,0,0,0,1,0.89571
frame_cam0_1737310500000.png,31.4584,1,0.403479,0,0,1,0.91261
frame_cam0_1737415330000.png,31.3389,1,0.596521,0,0,1,0.89571
frame_cam0_1737517650000.png,31.8463,1,0.273394,0,0,1,0.875985
frame_cam0_1737620179000.png,31.4143,1,0.357442,0,0,1,0.91261
frame_cam0_1737726656000.png,31.2196,1,0.451281,0,0,1,0.91261
frame_cam0_1737779927000.png,31.2686,0,0,0,0,1,0.91261
frame_cam0_1737879412000.png,57.2809,0,0,0,0,1,0.91261
frame_cam0_1737980646000.png,32.3822,1,0.273394,0,0,1,0.91261
frame_cam0_1738077938000.png,35.8269,0,0,0,0,1,0.91261
frame_cam0_1738177496000.png,33.3273,1,0.462295,0,0,1,0.91261
frame_cam0_1738275756000.png,31.2352,1,0.64667,0,0,1,0.89571
frame_cam0_1738375324000.png,31.2165,1,0.35333,0,0,1,0.91261
frame_cam0_1738472331000.png,31.319,1,0.425016,0,0,1,0.91261
frame_cam0_1738574544000.png,31.1383,1,0.319615,1,0.35333,1,0.91261
frame_cam0_1738676423000.png,31.3248,1,0.313894,0,0,1,0.91261
frame_cam0_1738776988000.png,31.4209,1,0.574984,1,0.425016,1,0.91261
frame_cam0_1738877442000.png,31.3933,0,0,1,0.35333,1,0.91261
frame_cam0_1738980674000.png,31.3475,1,0.742262,1,0.5,1,0.91261
frame_cam0_1739080073000.png,31.1429,1,0.64667,1,0.537705,1,0.91261
frame_cam0_1739178300000.png,31.3607,1,0.425016,1,0.319615,1,0.91261
frame_cam0_1739276287000.png,31.0309,1,0.742262,1,0.61143,1,0.91261
frame_cam0_1739373968000.png,31.7915,1,0.712314,1,0.537705,1,0.91261
frame_cam0_1739475732000.png,32.5438,1,0.574984,1,0.596521,1,0.91261
frame_cam0_1739574577000.png,32.6934,1,0.61143,1,0.574984,1,0.91261
frame_cam0_1739674269000.png,33.2038,1,0.537705,1,0.537705,1,0.91261
frame_cam0_1739773861000.png,32.2388,1,0.61143,1,0.462295,1,0.91261
frame_cam0_1739919348000.png,40.8472,1,0.425016,1,0.5,1,0.91261
frame_cam0_1740024581000.png,40.4537,1,0.287686,1,0.548719,1,0.91261
frame_cam0_1740124669000.png,31.7916,1,0.257738,1,0.548719,1,0.91261
frame_cam1_1724672373000.png,31.7647,1,0.35333,1,0.596521,1,0.82692
frame_cam1_1724773503000.png,40.5424,1,0.319615,1,0.5,1,0.82692
frame_cam1_1724876699000.png,40.7292,1,0.35333,0,0,1,0.797131
frame_cam1_1724980412000.png,31.8946,1,0.388571,1,0.451281,1,0.853141
frame_cam1_1725081697000.png,32.2001,1,0.287686,1,0.451281,1,0.82692
frame_cam1_1725227614000.png,44.551,1,0.319615,1,0.726606,1,0.89571
frame_cam1_1725331271000.png,43.0474,1,0.35333,1,0.686106,1,0.875985
frame_cam1_1725388588000.png,37.6139,1,0.257738,1,0.686106,1,0.853141
frame_cam1_1725486957000.png,33.0389,1,0.319615,1,0.726606,1,0.89571
frame_cam1_1725589958000.png,32.7044,1,0.257738,1,0.686106,1,0.853141
frame_cam1_1725688920000.png,31.5259,1,0.257738,1,0.726606,1,0.89571
frame_cam1_1725795571000.png,41.5329,1,0.35333,1,0.726606,1,0.875985
frame_cam1_1725894619000.png,35.0019,1,0.425016,1,0.726606,1,0.875985
frame_cam1_1725995864000.png,37.4275,1,0.319615,1,0.726606,1,0.875985
frame_cam1_1726095710000.png,32.3301,1,0.35333,1,0.726606,1,0.89571
frame_cam1_1726198878000.png,31.3966,0,0,1,0.726606,1,0.875985
frame_cam1_1726319476000.png,31.0882,0,0,1,0.726606,1,0.89571
frame_cam1_1726429169000.png,31.1279,1,0.257738,1,0.726606,1,0.875985
frame_cam1_1726530022000.png,31.274,1,0.5,1,0.726606,1,0.875985
frame_cam1_1726631775000.png,31.4991,1,0.5,1,0.686106,1,0.853141
frame_cam1_1726730989000.png,32.2713,1,0.425016,1,0.763681,1,0.89571
frame_cam1_1726838013000.png,31.23,1,0.425016,1,0.763681,1,0.89571
frame_cam1_1726939973000.png,31.6086,0,0,1,0.763681,1,0.89571
frame_cam1_1727042998000.png,32.8469,1,0.35333,1,0.726606,1,0.89571
frame_cam1_1727144884000.png,32.8772,0,0,1,0.726606,1,0.89571
frame_cam1_1727244520000.png,33.3141,0,0,1,0.763681,1,0.877009
frame_cam1_1727349760000.png,33.3194,1,0.425016,1,0.642558,1,0.875985
frame_cam1_1727451079000.png,33.7681,1,0.388571,1,0.726606,1,0.89571
frame_cam1_1727551032000.png,33.227,1,0.388571,1,0.686106,1,0.85976
frame_cam1_1727652956000.png,32.6723,1,0.319615,1,0.596521,1,0.840532
frame_cam1_1727768297000.png,32.9546,1,0.257738,1,0.642558,1,0.875985
frame_cam1_1727868890000.png,32.9082,0,0,1,0.686106,1,0.875985
frame_cam1_1727974050000.png,32.9679,0,0,1,0.763681,1,0.875985
frame_cam1_1728075988000.png,32.9859,0,0,1,0.642558,1,0.853141
frame_cam1_1728178032000.png,33.5837,0,0,1,0.726606,1,0.797131
frame_cam1_1728275884000.png,33.703,0,0,1,0.726606,1,0.853141
frame_cam1_1728379558000.png,33.2361,0,0,1,0.642558,1,0.89571
frame_cam1_1728523254000.png,33.4514,0,0,1,0.686106,1,0.853141
frame_cam1_1728625784000.png,32.6697,0,0,1,0.61143,1,0.686106
frame_cam1_1728727478000.png,32.9716,0,0,1,0.680385,1,0.89571
frame_cam1_1728829883000.png,33.1994,0,0,1,0.642558,1,0.91261
frame_cam1_1728929182000.png,33.4106,0,0,1,0.537705,1,0.91261
frame_cam1_1728984191000.png,33.2056,1,0.35333,1,0.64667,1,0.91261
frame_cam1_1729130400000.png,34.113,0,0,1,0.403479,1,0.89571
frame_cam1_1729229311000.png,33.5529,0,0,1,0.425016,1,0.91261
frame_cam1_1729330658000.png,33.4453,1,0.287686,1,0.537705,1,0.91261
frame_cam1_1729430347000.png,33.1608,0,0,1,0.5,1,0.91261
frame_cam1_1729530824000.png,32.9177,1,0.451281,1,0.425016,1,0.91261
frame_cam1_1729629964000.png,33.0272,1,0.5,1,0.287686,1,0.91261
frame_cam1_1729735514000.png,33.4824,1,0.537705,0,0,1,0.91261
frame_cam1_1729838839000.png,33.9457,1,0.451281,1,0.35333,1,0.91261
frame_cam1_1729892059000.png,33.1159,1,0.596521,1,0.287686,1,0.91261
frame_cam1_1729993173000.png,32.8371,1,0.680385,0,0,1,0.875985
frame_cam1_1730092822000.png,33.2581,1,0.712314,0,0,1,0.89571
frame_cam1_1730192970000.png,33.1451,1,0.686106,0,0,1,0.91261
frame_cam1_1730294520000.png,32.7989,1,0.403479,0,0,1,0.91261
frame_cam1_1730399132000.png,32.9973,1,0.388571,0,0,1,0.91261
frame_cam1_1730504891000.png,33.7791,1,0.548719,0,0,1,0.91261
frame_cam1_1730604902000.png,33.4247,1,0.686106,0,0,1,0.91261
frame_cam1_1730704524000.png,33.3708,1,0.451281,0,0,1,0.91261
frame_cam1_1730804476000.png,33.3264,1,0.797131,0,0,1,0.89571
frame_cam1_1730905512000.png,33.9144,1,0.686106,0,0,1,0.875985
frame_cam1_1731006594000.png,33.2978,1,0.726606,0,0,1,0.91261
frame_cam1_1731104529000.png,33.0743,1,0.797131,0,0,1,0.91261
frame_cam1_1731206517000.png,32.7297,1,0.64667,0,0,1,0.89571
frame_cam1_1731306622000.png,33.0722,1,0.64667,0,0,1,0.91261
frame_cam1_1731451643000.png,41.4896,1,0.712314,0,0,1,0.89571
frame_cam1_1731553433000.png,32.4981,1,0.64667,0,0,1,0.89571
frame_cam1_1731653513000.png,31.8357,1,0.770098,0,0,1,0.91261
frame_cam1_1731753138000.png,36.415,1,0.64667,0,0,1,0.91261
frame_cam1_1731852770000.png,32.3071,1,0.770098,0,0,1,0.91261
frame_cam1_1731954332000.png,31.4186,1,0.686106,0,0,1,0.91261
frame_cam1_1732053245000.png,31.4749,1,0.64667,0,0,1,0.89571
frame_cam1_1732152292000.png,31.8667,1,0.712314,0,0,1,0.91261
frame_cam1_1732251683000.png,31.351,1,0.64667,0,0,1,0.91261
frame_cam1_1732350786000.png,32.0428,1,0.64667,0,0,1,0.91261
frame_cam1_1732450133000.png,31.1789,1,0.770098,0,0,1,0.91261
frame_cam1_1732549690000.png,31.3399,1,0.712314,0,0,1,0.91261
frame_cam1_1732650845000.png,31.9428,1,0.795756,0,0,1,0.91261
frame_cam1_1732752387000.png,31.4552,1,0.819222,0,0,1,0.91261
frame_cam1_1732851232000.png,31.2726,1,0.770098,0,0,1,0.91261
frame_cam1_1732951343000.png,31.6892,1,0.712314,0,0,1,0.91261
frame_cam1_1733049673000.png,31.2418,1,0.770098,0,0,1,0.91261
frame_cam1_1733149050000.png,32.2832,1,0.742262,0,0,1,0.91261
frame_cam1_1733248221000.png,31.9135,1,0.726606,0,0,1,0.91261
frame_cam1_1733346425000.png,31.3371,1,0.770098,0,0,1,0.91261
frame_cam1_1733446278000.png,31.7012,1,0.712314,0,0,1,0.91261
frame_cam1_1733543469000.png,31.4947,1,0.795756,0,0,1,0.91261
frame_cam1_1733642008000.png,31.2414,1,0.712314,0,0,1,0.91261
frame_cam1_1733741657000.png,32.035,1,0.64667,0,0,1,0.91261
frame_cam1_1733840845000.png,31.8602,1,0.742262,0,0,1,0.91261
frame_cam1_1733939185000.png,31.378,1,0.712314,0,0,1,0.91261
frame_cam1_1734037936000.png,31.6178,1,0.712314,0,0,1,0.91261
frame_cam1_1734138741000.png,31.5235,1,0.712314,0,0,1,0.91261
frame_cam1_1734237000000.png,31.3314,1,0.770098,0,0,1,0.91261
frame_cam1_1734337826000.png,31.6057,1,0.840532,0,0,1,0.91261
frame_cam1_1734445580000.png,31.3819,1,0.85976,0,0,1,0.91261
frame_cam1_1734544939000.png,31.365,1,0.797131,0,0,1,0.91261
frame_cam1_1734644400000.png,31.2198,1,0.819222,0,0,1,0.91261
frame_cam1_1734743685000.png,31.1318,1,0.795756,0,0,1,0.853141
frame_cam1_1734844836000.png,31.5367,1,0.85976,0,0,1,0.89571
frame_cam1_1734950821000.png,31.2992,1,0.840532,0,0,1,0.875985
frame_cam1_1735051569000.png,31.3374,1,0.85976,0,0,1,0.89571
frame_cam1_1735105108000.png,31.9133,1,0.795756,0,0,1,0.91261
frame_cam1_1735204204000.png,31.3799,1,0.82692,0,0,1,0.91261
frame_cam1_1735303391000.png,31.9789,1,0.797131,0,0,1,0.91261
frame_cam1_1735406659000.png,31.8817,1,0.82692,0,0,1,0.91261
frame_cam1_1735504724000.png,31.2736,1,0.82692,0,0,1,0.91261
frame_cam1_1735603515000.png,31.2999,1,0.742262,0,0,1,0.89571
frame_cam1_1735701450000.png,31.0887,1,0.726606,0,0,1,0.91261
frame_cam1_1735802121000.png,31.5171,1,0.712314,0,0,1,0.91261
frame_cam1_1735900553000.png,31.8002,1,0.680385,0,0,1,0.91261
frame_cam1_1736001350000.png,31.2374,1,0.853141,0,0,1,0.875985
frame_cam1_1736100406000.png,31.3107,1,0.763681,0,0,1,0.91261
frame_cam1_1736200689000.png,36.5184,1,0.853141,0,0,1,0.89571
frame_cam1_1736301016000.png,37.9651,1,0.763681,0,0,1,0.91261
frame_cam1_1736403187000.png,34.7399,1,0.642558,0,0,1,0.875985
frame_cam1_1736505724000.png,47.9309,1,0.770098,0,0,1,0.89571
frame_cam1_1736603813000.png,33.3876,1,0.686106,0,0,1,0.89571
frame_cam1_1736703444000.png,31.3183,1,0.642558,0,0,1,0.89571
frame_cam1_1736803886000.png,31.2446,1,0.875985,0,0,1,0.91261
frame_cam1_1736904174000.png,31.1608,1,0.82692,0,0,1,0.91261
frame_cam1_1737008870000.png,31.2557,1,0.797131,0,0,1,0.91261
frame_cam1_1737110583000.png,31.4508,1,0.763681,0,0,1,0.875985
frame_cam1_1737209531000.png,31.416,1,0.726606,0,0,1,0.91261
frame_cam1_1737314503000.png,31.2422,1,0.726606,0,0,1,0.91261
frame_cam1_1737419344000.png,31.3329,1,0.686106,0,0,1,0.91261
frame_cam1_1737521757000.png,31.1293,1,0.596521,0,0,1,0.91261
frame_cam1_1737624236000.png,31.1204,1,0.403479,0,0,1,0.91261
frame_cam1_1737730664000.png,31.303,1,0.548719,0,0,1,0.91261
frame_cam1_1737875298000.png,31.2776,1,0.642558,0,0,1,0.91261
frame_cam1_1737976556000.png,31.8601,1,0.5,0,0,1,0.91261
frame_cam1_1738073802000.png,32.2895,1,0.548719,0,0,1,0.91261
frame_cam1_1738173442000.png,31.0711,1,0.686106,1,0.257738,1,0.91261
frame_cam1_1738271717000.png,32.1068,1,0.548719,0,0,1,0.91261
frame_cam1_1738371284000.png,31.2263,0,0,1,0.319615,1,0.91261
frame_cam1_1738468307000.png,31.2401,1,0.686106,1,0.35333,1,0.91261
frame_cam1_1738570527000.png,32.2698,1,0.61143,1,0.548719,1,0.91261
frame_cam1_1738672344000.png,31.7969,1,0.273394,1,0.5,1,0.91261
frame_cam1_1738772940000.png,31.1996,1,0.357442,1,0.5,1,0.91261
frame_cam1_1738873354000.png,31.3317,1,0.425016,1,0.548719,1,0.91261
frame_cam1_1738976564000.png,31.2015,0,0,1,0.596521,1,0.91261
frame_cam1_1739076041000.png,31.1806,1,0.287686,1,0.642558,1,0.91261
frame_cam1_1739174241000.png,31.277,1,0.35333,1,0.596521,1,0.89571
frame_cam1_1739272253000.png,31.0831,1,0.287686,1,0.596521,1,0.91261
frame_cam1_1739369780000.png,31.2162,0,0,1,0.596521,1,0.91261
frame_cam1_1739471509000.png,31.8494,0,0,1,0.686106,1,0.91261
frame_cam1_1739570450000.png,31.1287,0,0,1,0.596521,1,0.91261
frame_cam1_1739670149000.png,31.2945,1,0.388571,1,0.686106,1,0.91261
frame_cam1_1739769815000.png,31.3139,0,0,1,0.686106,1,0.91261
frame_cam1_1739823557000.png,31.0495,0,0,1,0.642558,1,0.91261
frame_cam1_1739923399000.png,31.108,0,0,1,0.686106,1,0.91261
frame_cam1_1740028673000.png,30.9738,0,0,1,0.642558,1,0.89571
frame_cam1_1740128704000.png,31.1642,1,0.425016,1,0.686106,1,0.91261
